City_ID,City,Country,Lat,Lng,Max Temp,Humidity,Cloudiness,Wind Speed,Current Description
0,Vanavara,RU,60.34,102.2797,-16.67,100,86,1.14,overcast clouds
1,Ushuaia,AR,-54.8,-68.3,53.26,62,75,28.77,broken clouds
2,Imeni Poliny Osipenko,RU,52.4201,136.4853,-16.33,100,99,1.74,overcast clouds
3,Busselton,AU,-33.65,115.3333,64.09,79,100,12.95,overcast clouds
4,Port Elizabeth,ZA,-33.918,25.5701,73.69,64,20,11.5,few clouds
5,Bluff,NZ,-46.6,168.3333,50.81,74,11,14.27,few clouds
6,Ancud,CL,-41.8697,-73.8203,81.23,54,11,5.41,few clouds
7,Hilo,US,19.7297,-155.09,68.25,87,75,5.75,broken clouds
8,Hithadhoo,MV,-0.6,73.0833,81.55,72,100,19.15,overcast clouds
9,Hobart,AU,-42.8794,147.3294,61.05,78,87,1.99,overcast clouds
10,Teknaf,BD,20.8624,92.3058,66.97,72,5,4.25,clear sky
11,Avarua,CK,-21.2078,-159.775,78.85,89,40,10.36,scattered clouds
12,Mataura,NZ,-46.1927,168.8643,50.49,98,67,3.02,broken clouds
13,Coahuayana,MX,18.7333,-103.6833,86.13,38,1,4.12,clear sky
14,Arraial Do Cabo,BR,-22.9661,-42.0278,89.56,58,0,16.11,clear sky
15,Balykshi,KZ,47.0667,51.8667,24.8,93,75,6.71,mist
16,Tasiilaq,GL,65.6145,-37.6368,8.17,64,100,5.17,overcast clouds
17,Shu,KZ,43.5983,73.7614,28.53,81,3,3.47,clear sky
18,Ribeira Grande,PT,38.5167,-28.7,63.0,67,40,13.8,scattered clouds
19,Turukhansk,RU,65.8167,87.9833,-12.71,96,36,10.33,scattered clouds
20,Cabedelo,BR,-6.9811,-34.8339,88.47,64,37,13.35,scattered clouds
21,Mount Gambier,AU,-37.8333,140.7667,69.71,94,27,6.91,scattered clouds
22,Upernavik,GL,72.7868,-56.1549,-6.41,65,28,6.29,scattered clouds
23,Bredasdorp,ZA,-34.5322,20.0403,70.29,82,100,14.97,overcast clouds
24,Albany,US,42.6001,-73.9662,20.44,48,2,1.99,clear sky
25,Butaritari,KI,3.0707,172.7902,81.05,81,51,14.18,light rain
26,Misratah,LY,32.3754,15.0925,54.25,52,56,10.67,broken clouds
27,Muros,ES,42.7762,-9.0603,57.7,63,0,4.9,clear sky
28,Kapaa,US,22.0752,-159.319,68.11,59,92,11.88,light rain
29,Rikitea,PF,-23.1203,-134.9692,78.04,73,3,20.31,clear sky
30,Irbeyskoye,RU,55.6428,95.4522,11.26,97,100,1.32,overcast clouds
31,Sapa,PH,5.1544,120.3241,79.3,85,47,3.42,scattered clouds
32,Yellowknife,CA,62.456,-114.3525,6.42,89,75,8.05,light snow
33,Inyonga,TZ,-6.7167,32.0667,66.63,92,100,3.6,overcast clouds
34,Nikolskoye,RU,59.7035,30.7861,24.4,91,100,7.36,light snow
35,Korla,CN,41.7597,86.1469,24.19,62,1,0.94,clear sky
36,Faanui,PF,-16.4833,-151.75,80.62,77,91,16.46,overcast clouds
37,Ilulissat,GL,69.2167,-51.1,8.51,94,65,18.03,light snow
38,Tuktoyaktuk,CA,69.4541,-133.0374,1.4,78,75,13.8,broken clouds
39,Salalah,OM,17.0151,54.0924,69.13,59,0,3.27,clear sky
40,Bakchar,RU,57.0186,82.0711,-7.62,100,95,1.41,overcast clouds
41,Pevek,RU,69.7008,170.3133,-35.19,99,46,4.38,scattered clouds
42,Provideniya,RU,64.3833,-173.3,-10.5,93,36,3.29,scattered clouds
43,Cape Town,ZA,-33.9258,18.4232,75.61,72,20,5.99,few clouds
44,Uchaly,RU,54.2996,59.4521,-2.2,98,86,4.63,overcast clouds
45,Vicuna,CL,-30.0319,-70.7081,86.77,36,0,9.4,clear sky
46,Boda,CF,4.3189,17.4695,86.04,17,40,4.09,scattered clouds
47,Fez,MA,34.0372,-4.9998,68.25,22,0,3.44,clear sky
48,Torbay,CA,47.6666,-52.7314,38.28,96,100,20.71,heavy intensity rain
49,Manggar,ID,-2.8833,108.2667,80.04,83,100,10.42,overcast clouds
50,Takaungu,KE,-3.6837,39.8566,81.09,79,6,12.15,clear sky
51,Jamestown,US,42.097,-79.2353,19.04,59,100,3.0,overcast clouds
52,Dikson,RU,73.5069,80.5464,13.46,93,100,28.12,light snow
53,Kontagora,NG,10.3999,5.4695,89.64,11,0,3.85,clear sky
54,New Norfolk,AU,-42.7826,147.0587,60.71,70,86,1.99,moderate rain
55,Barrow,US,71.2906,-156.7887,-17.64,100,100,16.84,overcast clouds
56,Itanhandu,BR,-22.2958,-44.9347,88.9,68,67,4.23,broken clouds
57,Kahului,US,20.8947,-156.47,73.85,72,60,5.01,broken clouds
58,Ribeira Do Pombal,BR,-10.8344,-38.5358,91.98,38,75,16.84,light rain
59,Broome,US,42.2506,-75.833,20.01,61,75,3.0,broken clouds
60,Huarmey,PE,-10.0681,-78.1522,76.51,71,63,11.39,broken clouds
61,Mayo,US,38.8876,-76.5119,33.24,43,0,8.99,clear sky
62,Ossora,RU,59.2353,163.0719,8.2,93,100,7.78,overcast clouds
63,Marawi,PH,7.9986,124.2928,67.64,94,18,1.57,few clouds
64,Marystown,CA,47.1666,-55.1483,38.86,100,100,1.01,overcast clouds
65,Cidreira,BR,-30.1811,-50.2056,84.52,67,43,11.45,scattered clouds
66,Gladstone,AU,-23.85,151.25,76.93,78,40,5.75,scattered clouds
67,Namibe,AO,-15.1961,12.1522,77.58,80,16,11.16,few clouds
68,Coihaique,CL,-45.5752,-72.0662,72.21,35,0,8.05,clear sky
69,Meulaboh,ID,4.1363,96.1285,79.3,79,65,2.13,broken clouds
70,Saint-Georges,GD,12.0564,-61.7485,82.08,74,75,14.97,broken clouds
71,Kodiak,US,57.79,-152.4072,31.51,80,100,6.91,light snow
72,Abilene,US,32.4487,-99.7331,32.38,45,100,1.99,overcast clouds
73,Vaini,TO,-21.2,-175.2,71.76,100,20,2.3,few clouds
74,Haines Junction,CA,60.7522,-137.5108,4.95,85,100,0.0,overcast clouds
75,Roma,US,43.2128,-75.4557,17.08,63,16,1.01,few clouds
76,Mar Del Plata,AR,-38.0023,-57.5575,71.01,55,0,24.0,clear sky
77,Mahebourg,MU,-20.4081,57.7,77.29,61,20,6.91,few clouds
78,Maldonado,UY,-34.6667,-54.9167,78.19,77,99,12.73,overcast clouds
79,Cockburn Town,TC,21.4612,-71.1419,78.76,69,40,5.75,scattered clouds
80,Isangel,VU,-19.55,169.2667,77.94,86,100,6.78,overcast clouds
81,Heyang,CN,26.1011,107.473,41.83,98,100,4.27,overcast clouds
82,Fukuma,JP,33.7667,130.4667,42.8,62,100,3.4,overcast clouds
83,Dakar,SN,14.6937,-17.4441,88.68,57,0,13.8,clear sky
84,Singkang,MY,2.1006,102.7994,78.69,86,87,2.42,overcast clouds
85,Aklavik,CA,68.2191,-135.0107,5.83,85,100,6.91,light snow
86,Kenai,US,60.5544,-151.2583,7.03,85,0,0.0,clear sky
87,Tiksi,RU,71.6872,128.8694,-1.77,89,58,19.37,broken clouds
88,Santa Rosa,PH,14.3122,121.1114,78.85,83,100,10.09,overcast clouds
89,Buraydah,SA,26.326,43.975,72.05,29,0,8.5,clear sky
90,Uarini,BR,-2.99,-65.1083,85.95,81,99,3.58,overcast clouds
91,Lasa,IT,46.6166,10.7002,39.94,77,2,6.44,clear sky
92,Cabo San Lucas,MX,22.8909,-109.9124,72.52,46,54,0.81,broken clouds
93,Leander,US,30.5788,-97.8531,48.09,61,75,1.99,broken clouds
94,Bitung,ID,1.4451,125.1824,76.05,83,97,3.29,overcast clouds
95,Mayumba,GA,-3.432,10.6554,78.67,82,57,6.91,broken clouds
96,Punta Arenas,CL,-53.15,-70.9167,53.71,58,0,21.85,clear sky
97,Petatlan,MX,17.5167,-101.2667,84.79,46,0,4.14,clear sky
98,Trairi,BR,-3.2778,-39.2689,85.28,63,85,13.44,overcast clouds
99,Napa,US,38.4832,-122.3344,51.15,49,3,3.15,clear sky
100,Chokurdakh,RU,70.6333,147.9167,-29.18,98,32,10.76,scattered clouds
101,Deputatskiy,RU,69.3,139.9,-19.07,88,96,4.94,overcast clouds
102,Espanola,US,35.9911,-106.0806,35.08,83,88,0.43,overcast clouds
103,Horsham,GB,51.064,-0.3272,46.26,75,75,8.05,broken clouds
104,Ballina,AU,-28.8667,153.5667,73.36,82,100,5.75,overcast clouds
105,Bubaque,GW,11.2833,-15.8333,79.68,53,64,12.24,broken clouds
106,Constitucion,CL,-35.3333,-72.4167,68.47,65,42,8.01,scattered clouds
107,Kalemie,CD,-5.9475,29.1947,72.1,85,43,1.52,light rain
108,Jibuti,DJ,11.5,42.5,71.82,62,1,15.41,clear sky
109,Atuona,PF,-9.8,-139.0333,78.4,76,18,19.89,few clouds
110,Marshall,US,34.3834,-86.3333,38.41,52,0,13.8,clear sky
111,Kruisfontein,ZA,-34.0033,24.7314,69.89,88,100,10.8,overcast clouds
112,Winnemucca,US,40.973,-117.7357,33.71,52,0,2.73,clear sky
113,Kaitangata,NZ,-46.2817,169.8464,51.93,76,66,10.36,broken clouds
114,Zhangye,CN,38.9342,100.4517,18.63,45,68,2.77,broken clouds
115,Soyo,AO,-6.1349,12.3689,82.45,70,57,8.95,broken clouds
116,Homer,US,59.6425,-151.5483,27.03,91,100,0.0,overcast clouds
117,Kyzyl-Mazhalyk,RU,51.1333,90.6,-11.69,95,100,0.45,overcast clouds
118,Castro,BR,-24.7911,-50.0119,86.32,44,74,5.21,broken clouds
119,Praia Da Vitoria,PT,38.7333,-27.0667,61.75,82,75,9.95,broken clouds
120,Chivay,PE,-15.6383,-71.6011,55.63,62,98,3.51,overcast clouds
121,Beitbridge,ZW,-22.2167,30.0,74.46,83,100,14.72,light rain
122,Alta Floresta,BR,-9.8756,-56.0861,79.93,86,100,5.53,overcast clouds
123,Taoudenni,ML,22.6783,-3.9836,81.73,11,49,10.22,scattered clouds
124,Orgita,EE,58.9218,24.45,32.63,99,100,11.45,light snow
125,Nouadhibou,MR,20.931,-17.0347,71.58,49,0,19.57,clear sky
126,Sistranda,NO,63.7256,8.834,39.9,75,95,30.33,overcast clouds
127,Fairbanks,US,64.8378,-147.7164,-8.52,78,100,0.0,overcast clouds
128,Port Lincoln,AU,-34.7333,135.8667,67.98,93,20,2.3,few clouds
129,Mana,GF,5.6592,-53.7767,81.34,69,39,8.55,scattered clouds
130,Mobaye,CF,4.319,21.1786,84.47,22,100,1.32,overcast clouds
131,Pangai,TO,-19.8,-174.35,81.09,78,11,12.19,few clouds
132,Itarema,BR,-2.9248,-39.9167,86.2,61,85,16.4,overcast clouds
133,Portland,US,45.5234,-122.6762,39.85,81,100,11.01,mist
134,La Palma,US,33.8464,-118.0467,65.71,23,73,3.58,broken clouds
135,Khatanga,RU,71.9667,102.5,-7.74,87,57,10.27,broken clouds
136,Sao Filipe,CV,14.8961,-24.4956,78.08,58,30,11.68,scattered clouds
137,College,US,64.8569,-147.8028,-8.54,78,100,0.0,overcast clouds
138,Thompson,CA,55.7435,-97.8558,8.76,78,100,14.97,overcast clouds
139,Asau,RO,46.4333,26.4,31.28,86,100,5.59,overcast clouds
140,Bonthe,SL,7.5264,-12.505,84.36,57,85,13.13,overcast clouds
141,Skibbereen,IE,51.55,-9.2667,48.0,91,57,13.58,broken clouds
142,Souillac,MU,-20.5167,57.5167,77.38,61,20,6.91,few clouds
143,Vila Franca Do Campo,PT,37.7167,-25.4333,63.19,79,65,11.5,broken clouds
144,Yar-Sale,RU,66.8333,70.8333,5.45,94,98,11.99,overcast clouds
145,Kavaratti,IN,10.5669,72.642,78.39,52,66,5.37,broken clouds
146,Milkovo,RU,54.7167,158.6167,-13.09,99,87,1.92,overcast clouds
147,Kushmurun,KZ,52.4503,64.6311,2.34,85,100,10.18,overcast clouds
148,Geraldton,AU,-28.7667,114.6,70.21,73,0,14.97,clear sky
149,Hermanus,ZA,-34.4187,19.2345,70.81,82,99,14.0,overcast clouds
150,Lebu,CL,-37.6167,-73.65,66.96,67,11,10.36,few clouds
151,Margate,GB,51.3813,1.3862,43.3,76,13,1.99,few clouds
152,Yerbogachen,RU,61.2767,108.0108,-12.62,100,97,4.45,overcast clouds
153,Yulara,AU,-25.2406,130.9889,80.44,57,61,6.91,broken clouds
154,San Ramon De La Nueva Oran,AR,-23.1322,-64.326,100.38,27,31,5.79,scattered clouds
155,Cherskiy,RU,68.75,161.3,-43.98,99,46,4.27,scattered clouds
156,Puerto Ayora,EC,-0.7393,-90.3518,84.16,75,97,9.06,overcast clouds
157,San Cristobal,VE,7.7669,-72.225,73.58,47,95,2.82,overcast clouds
158,Yenagoa,NG,4.9247,6.2642,91.6,24,36,6.51,scattered clouds
159,Touho,NC,-20.7833,165.2333,78.71,77,99,12.21,overcast clouds
160,Umm Lajj,SA,25.0213,37.2685,65.05,51,0,18.03,clear sky
161,Zheleznodorozhnyy,RU,55.7503,38.0042,23.61,90,100,5.7,snow
162,Amarillo,US,35.222,-101.8313,25.21,82,100,1.99,light snow
163,Qaanaaq,GL,77.484,-69.3632,-8.61,60,98,7.25,overcast clouds
164,Jadu,LY,31.953,12.0261,43.97,52,6,6.02,clear sky
165,Ostrovnoy,RU,68.0531,39.5131,11.1,85,48,14.97,scattered clouds
166,Half Moon Bay,US,37.4636,-122.4286,53.98,94,0,0.0,fog
167,Belem De Sao Francisco,BR,-8.7539,-38.9658,94.62,29,68,11.25,broken clouds
168,Fortuna,US,40.5982,-124.1573,35.94,49,4,3.27,clear sky
169,Comodoro Rivadavia,AR,-45.8667,-67.5,64.26,48,20,12.66,few clouds
170,Yantal,RU,56.8471,105.2542,-7.58,100,92,2.59,overcast clouds
171,Sawtell,AU,-30.3833,153.1,68.32,93,100,6.91,overcast clouds
172,Paracatu,BR,-17.2222,-46.8747,84.51,51,83,4.32,broken clouds
173,Beyneu,KZ,45.3167,55.2,30.04,77,100,10.65,overcast clouds
174,Callaway,US,30.153,-85.5699,54.95,67,100,7.0,overcast clouds
175,Esperance,AU,-33.8667,121.9,64.24,85,100,10.42,overcast clouds
176,Bagdarin,RU,54.4333,113.6,-15.83,97,29,3.53,scattered clouds
177,Shache,CN,38.4167,77.2406,29.71,45,81,3.42,broken clouds
178,Saskylakh,RU,71.9167,114.0833,5.92,76,17,12.28,few clouds
179,Vuktyl,RU,63.8567,57.3094,12.63,94,100,9.33,light snow
180,Senanga,ZM,-16.1167,23.2667,66.96,93,100,4.38,light rain
181,Lagos,NG,6.5833,3.75,93.52,40,22,7.96,few clouds
182,Chuy,UY,-33.6971,-53.4616,71.53,95,100,4.68,heavy intensity rain
183,Nizwa,OM,22.9333,57.5333,69.93,34,8,2.62,clear sky
184,Chumikan,RU,54.7183,135.315,-8.55,93,25,12.46,scattered clouds
185,Amapa,BR,1.0,-52.0,80.91,80,95,4.32,overcast clouds
186,Iringa,TZ,-7.7667,35.7,70.92,73,75,6.91,broken clouds
187,Bethel,US,41.3712,-73.414,26.04,46,6,1.01,clear sky
188,Alice Springs,AU,-23.7,133.8833,74.75,88,71,11.5,broken clouds
189,Bengkulu,ID,-3.8004,102.2655,78.08,84,100,3.09,overcast clouds
190,Namwala,ZM,-15.7504,26.4384,65.28,99,100,6.22,moderate rain
191,Touros,BR,-5.1989,-35.4608,90.5,61,22,15.46,few clouds
192,Bourail,NC,-21.5667,165.4833,74.26,82,97,4.94,overcast clouds
193,Georgetown,MY,5.4112,100.3354,82.35,78,40,3.0,scattered clouds
194,Quatre Cocos,MU,-20.2078,57.7625,77.11,62,2,11.95,clear sky
195,Kaspiyskiy,RU,45.3929,47.3707,32.05,81,100,12.12,overcast clouds
196,Vostok,RU,46.4856,135.8833,-0.9,99,99,2.98,overcast clouds
197,Eureka,US,40.8021,-124.1637,36.21,45,4,3.96,clear sky
198,Sept-Iles,CA,50.2001,-66.3821,-1.95,61,20,8.01,few clouds
199,Suluq,LY,31.6682,20.2521,51.71,61,65,13.94,broken clouds
200,Hit,IQ,33.6416,42.8251,55.38,34,0,5.5,clear sky
201,Lorengau,PG,-2.0226,147.2712,81.19,81,65,7.92,broken clouds
202,Victoria,HK,22.2855,114.1577,67.96,90,86,1.99,overcast clouds
203,San Patricio,US,28.017,-97.5169,59.07,69,100,12.71,overcast clouds
204,Carnarvon,AU,-24.8667,113.6333,75.27,78,0,18.41,clear sky
205,Codrington,AU,-38.2667,141.9667,66.72,89,55,5.14,broken clouds
206,Miri,MY,4.4148,114.0089,77.14,100,40,2.3,moderate rain
207,Nyurba,RU,63.2842,118.3319,-4.67,98,100,6.15,overcast clouds
208,Roald,NO,62.5833,6.1333,42.94,75,75,23.02,light rain
209,Abu Dhabi,AE,24.4667,54.3667,69.91,89,1,4.61,clear sky
210,Constantine,DZ,36.365,6.6147,53.01,50,0,4.61,clear sky
211,Iqaluit,CA,63.7506,-68.5145,-18.31,68,100,3.0,overcast clouds
212,Port Alfred,ZA,-33.5906,26.891,71.69,85,100,14.34,light rain
213,George Town,MY,5.4112,100.3354,82.35,78,40,3.0,scattered clouds
214,Necochea,AR,-38.5473,-58.7368,70.03,44,40,22.62,scattered clouds
215,Chatellerault,FR,46.8,0.5333,38.3,75,5,6.8,clear sky
216,Iwaki,JP,37.05,140.8833,41.77,93,9,8.01,clear sky
217,Jieshi,CN,22.8134,115.8257,67.95,88,20,14.12,few clouds
218,Faya,SA,18.3851,42.4509,59.11,77,26,8.16,scattered clouds
219,Airai,TL,-8.9266,125.4092,61.61,87,100,3.2,light rain
220,Zhanakorgan,KZ,43.9098,67.2495,30.7,64,0,5.41,clear sky
221,Martapura,ID,-3.4167,114.85,80.69,94,100,1.14,overcast clouds
222,Vila Do Maio,CV,15.1333,-23.2167,79.59,77,14,21.81,few clouds
223,Klaksvik,FO,62.2266,-6.589,40.12,99,100,23.47,overcast clouds
224,Lagoa,PT,39.05,-27.9833,58.6,79,54,13.13,broken clouds
225,Villa Maria,AR,-32.4075,-63.2402,87.53,54,61,12.06,broken clouds
226,Neuquen,AR,-38.9516,-68.0591,76.89,36,0,10.36,clear sky
227,Xining,CN,36.6167,101.7667,18.95,82,100,3.38,overcast clouds
228,Camocim,BR,-2.9022,-40.8411,81.66,76,99,13.4,heavy intensity rain
229,Vestmannaeyjar,IS,63.4427,-20.2734,32.99,74,0,9.22,clear sky
230,Gama,ES,42.748,-4.2068,43.99,66,0,5.97,clear sky
231,Christchurch,NZ,-43.5333,172.6333,52.95,88,100,1.99,overcast clouds
232,Careiro Da Varzea,BR,-3.2003,-59.8119,80.65,86,99,2.26,overcast clouds
233,Hovd,MN,48.0056,91.6419,-12.75,88,32,2.51,scattered clouds
234,Kaeo,NZ,-35.1,173.7833,67.32,96,100,4.85,overcast clouds
235,Bambous Virieux,MU,-20.3428,57.7575,74.21,62,9,11.99,clear sky
236,Shelton,US,41.3165,-73.0932,28.09,39,1,1.99,clear sky
237,Juba,SS,4.8517,31.5825,89.58,19,7,4.29,clear sky
238,Araouane,ML,18.9048,-3.5265,80.38,8,98,9.71,overcast clouds
239,Ust-Tsilma,RU,65.441,52.1498,2.75,99,73,3.42,broken clouds
240,Belle Fourche,US,44.6714,-103.8522,42.12,35,97,20.71,overcast clouds
241,Sao Borja,BR,-28.6606,-56.0044,102.11,31,76,8.84,broken clouds
242,Porto Velho,BR,-8.7619,-63.9039,77.05,94,75,5.75,light intensity drizzle
243,East London,ZA,-33.0153,27.9116,74.34,94,75,10.36,broken clouds
244,Price,US,39.5994,-110.8107,29.12,66,3,2.37,clear sky
245,Puerto Escondido,MX,15.85,-97.0667,83.97,53,0,4.56,clear sky
246,Sumbe,AO,-11.2061,13.8437,78.35,83,89,6.15,overcast clouds
247,Bumba,CD,2.1833,22.4667,81.84,38,100,3.18,overcast clouds
248,Batagay-Alyta,RU,67.8006,130.4114,-1.12,90,100,2.59,overcast clouds
249,Rongcheng,CN,30.634,117.8517,39.87,95,100,4.88,light rain
250,Gorom-Gorom,BF,14.4439,-0.2361,84.22,7,26,10.96,scattered clouds
251,Kupang,ID,-10.1667,123.5833,79.77,87,85,14.09,overcast clouds
252,Gushikawa,JP,26.3544,127.8686,65.43,72,69,8.48,broken clouds
253,Valdosta,US,30.8327,-83.2785,58.91,63,20,8.05,few clouds
254,Iskateley,RU,67.6803,53.1512,6.51,95,42,14.09,scattered clouds
255,Filadelfia,US,39.9523,-75.1638,30.27,43,3,3.0,clear sky
256,Severnyy,RU,50.677,36.5532,15.84,86,100,11.18,mist
257,Lormi,IN,22.2833,81.7333,53.71,50,0,6.13,clear sky
258,Ranong,TH,9.9658,98.6348,75.16,91,16,4.81,few clouds
259,Elliot Lake,CA,46.3834,-82.6331,4.24,75,28,5.75,scattered clouds
260,Nishihara,JP,26.1842,127.7558,65.48,68,76,5.75,broken clouds
261,Coffs Harbour,AU,-30.3,153.1333,68.13,88,100,6.91,overcast clouds
262,Haikou,CN,20.0458,110.3417,69.93,100,75,6.71,broken clouds
263,Veraval,IN,20.9,70.3667,66.99,33,1,8.41,clear sky
264,Saint-Augustin,CA,51.226,-58.6502,17.15,80,27,13.76,scattered clouds
265,Dunedin,NZ,-45.8742,170.5036,51.8,74,45,11.01,scattered clouds
266,Road Town,VG,18.4167,-64.6167,82.0,71,1,13.67,clear sky
267,Podgornoye,RU,51.735,39.1496,8.82,85,75,0.0,broken clouds
268,Saldanha,ZA,-33.0117,17.9442,65.7,87,14,25.39,few clouds
269,Manokwari,ID,-0.8667,134.0833,79.21,78,75,2.01,light rain
270,Quelimane,MZ,-17.8786,36.8883,76.59,84,97,9.42,overcast clouds
271,Yabrud,SY,33.9674,36.6574,29.57,97,96,13.15,light snow
272,Longyearbyen,SJ,78.2186,15.6401,12.04,57,40,17.27,scattered clouds
273,Shingu,JP,33.7333,135.9833,39.43,79,67,7.49,broken clouds
274,Padang,ID,-0.9492,100.3543,78.53,79,100,3.94,overcast clouds
275,Port Said,EG,31.2565,32.2841,52.66,68,79,30.11,broken clouds
276,Samana,DO,19.2056,-69.3369,81.84,60,5,7.25,clear sky
277,Nhulunbuy,AU,-12.2333,136.7667,83.01,83,40,9.22,scattered clouds
278,Pokhara,NP,28.2333,83.9833,46.99,89,96,2.42,overcast clouds
279,Meadow Lake,US,34.8014,-106.5436,33.84,62,97,0.85,overcast clouds
280,Mananjary,MG,-21.2167,48.3333,74.41,79,29,5.35,scattered clouds
281,Acarau,BR,-2.8856,-40.12,85.64,63,93,18.63,overcast clouds
282,Naze,JP,28.3667,129.4833,59.5,68,67,1.36,broken clouds
283,Aanekoski,FI,62.6946,25.818,28.47,100,100,9.82,light snow
284,Wajima,JP,37.4,136.9,41.95,64,97,14.76,overcast clouds
285,Brownwood,US,31.7093,-98.9912,39.2,52,100,8.05,overcast clouds
286,Sarangani,PH,5.4033,125.4636,81.9,79,93,16.2,overcast clouds
287,Khorramshahr,IR,30.4397,48.1664,62.78,61,3,15.9,clear sky
288,Bilibino,RU,68.0546,166.4372,-35.93,96,41,3.51,scattered clouds
289,Nanortalik,GL,60.1432,-45.2371,21.15,83,100,9.53,light snow
290,Ambositra,MG,-20.5167,47.25,61.43,91,57,3.89,broken clouds
291,Clarence Town,AU,-32.5833,151.7833,68.86,90,2,2.8,clear sky
292,Bay City,US,43.5945,-83.8889,15.91,69,1,5.01,clear sky
293,Ust-Kuyga,RU,70.0167,135.6,-11.96,99,100,9.8,light snow
294,Nantucket,US,41.2835,-70.0995,31.24,64,42,17.27,scattered clouds
295,Narsaq,GL,60.9167,-46.05,21.42,86,77,2.17,broken clouds
296,Kuytun,RU,54.3419,101.5036,-17.05,100,85,3.06,overcast clouds
297,Ulaangom,MN,49.9811,92.0667,-18.81,95,100,3.69,overcast clouds
298,Harper,LR,4.375,-7.7169,83.07,67,9,10.42,clear sky
299,Inhambane,MZ,-23.865,35.3833,82.38,89,75,10.36,drizzle
300,Kantabanji,IN,20.4833,82.9167,61.63,41,0,1.97,clear sky
301,Saint-Philippe,RE,-21.3585,55.7679,74.79,66,30,8.7,scattered clouds
302,Andenes,NO,69.3143,16.1194,30.18,86,40,9.22,scattered clouds
303,Cairns,AU,-16.9167,145.7667,78.75,85,100,10.36,overcast clouds
304,Elat,IL,29.5581,34.9482,53.44,62,40,4.61,scattered clouds
305,Tuatapere,NZ,-46.1333,167.6833,50.83,82,87,7.09,overcast clouds
306,Te Anau,NZ,-45.4167,167.7167,43.9,83,48,0.74,scattered clouds
307,Bullhead City,US,35.1478,-114.5683,55.27,33,0,23.02,clear sky
308,Mitsamiouli,KM,-11.3847,43.2844,80.74,75,92,5.57,light rain
309,Beringovskiy,RU,63.05,179.3167,-6.77,100,99,4.07,overcast clouds
310,Sortland,NO,68.6949,15.4162,33.75,91,99,5.57,overcast clouds
311,Lompoc,US,34.6391,-120.4579,59.92,73,0,3.44,clear sky
312,Thoen,TH,17.6129,99.2161,69.57,50,2,2.19,clear sky
313,Plettenberg Bay,ZA,-34.0527,23.3716,66.47,90,88,13.29,overcast clouds
314,Ipixuna,BR,-1.7625,-48.8043,85.95,80,97,5.68,overcast clouds
315,Ponta Do Sol,PT,32.6667,-17.1,63.23,49,98,6.11,overcast clouds
316,Ust-Ilimsk,RU,58.0006,102.6619,-13.83,100,60,2.33,broken clouds
317,Kismayo,SO,-0.3582,42.5454,77.25,78,43,17.36,scattered clouds
318,Umm Kaddadah,SD,13.6017,26.6876,67.93,18,47,16.13,scattered clouds
319,Tutoia,BR,-2.7619,-42.2744,83.5,71,83,11.79,broken clouds
320,Hambantota,LK,6.1241,81.1185,75.02,76,87,9.15,overcast clouds
321,Arnsberg,DE,51.3297,8.0071,38.12,90,100,7.7,overcast clouds
322,Wanaka,NZ,-44.7,169.15,43.34,77,3,4.99,clear sky
323,Tukrah,LY,32.5341,20.5791,52.88,64,76,19.28,broken clouds
324,Severo-Kurilsk,RU,50.6789,156.125,25.93,72,62,14.99,broken clouds
325,Makakilo City,US,21.3469,-158.0858,71.29,79,55,13.13,broken clouds
326,Solnechnyy,RU,50.7214,136.6319,-9.8,98,38,3.24,scattered clouds
327,Nanyang,CN,32.9947,112.5328,34.81,93,100,11.48,light snow
328,Adrar,MR,20.5022,-10.0711,81.12,11,65,5.12,broken clouds
329,Puerto Carreno,CO,6.189,-67.4859,96.39,32,100,12.1,overcast clouds
330,Port Hardy,CA,50.6996,-127.4199,35.78,93,100,4.61,mist
331,Kavieng,PG,-2.5744,150.7967,82.35,79,96,9.69,light rain
332,Adwa,ET,14.1646,38.8955,64.81,42,2,8.43,clear sky
333,Oranjemund,NA,-28.55,16.4333,66.88,82,6,20.24,clear sky
334,Charagua,BO,-19.8,-63.2167,96.26,29,43,10.07,scattered clouds
335,Raudeberg,NO,61.9875,5.1352,40.19,93,100,8.99,light rain
336,Belmonte,BR,-15.8631,-38.8828,79.3,67,100,6.71,overcast clouds
337,Salamanca,ES,40.8333,-6.0,47.98,64,1,4.74,clear sky
338,Clyde River,CA,70.4692,-68.5914,-14.31,92,100,17.83,overcast clouds
339,Manta,EC,-0.95,-80.7333,82.18,74,75,9.22,broken clouds
340,Cody,US,44.5263,-109.0565,36.59,30,0,0.0,clear sky
341,Bathsheba,BB,13.2167,-59.5167,84.81,58,20,12.66,few clouds
342,Camacha,PT,33.0833,-16.3333,59.76,72,40,18.41,scattered clouds
343,Jiuquan,CN,39.7432,98.5174,19.51,43,9,3.42,clear sky
344,Zhigansk,RU,66.7697,123.3711,-10.82,98,100,6.31,overcast clouds
345,Lamu,KE,-2.2717,40.902,77.4,80,9,16.15,clear sky
346,Bafra,TR,41.5678,35.9069,39.31,91,100,5.97,overcast clouds
347,Altay,CN,47.8667,88.1167,0.01,67,20,7.47,few clouds
348,Dingle,PH,10.9995,122.6711,75.65,93,33,6.58,scattered clouds
349,Linxia,CN,35.6003,103.2064,21.63,89,100,3.33,light snow
350,Kieta,PG,-6.2167,155.6333,79.45,84,95,3.76,light rain
351,Fort Nelson,CA,58.8053,-122.7002,17.74,92,61,2.37,broken clouds
352,Saint George,US,37.1041,-113.5841,39.67,52,0,1.01,clear sky
353,Menongue,AO,-14.6585,17.691,75.99,49,96,3.78,overcast clouds
354,Nisia Floresta,BR,-6.0911,-35.2086,88.61,51,48,14.32,scattered clouds
355,Mildura,AU,-34.2,142.15,73.36,100,75,12.66,light rain
356,Hay River,CA,60.8156,-115.7999,22.96,93,100,4.61,light snow
357,Morondava,MG,-20.2833,44.2833,82.58,72,18,13.22,light rain
358,Ahipara,NZ,-35.1667,173.1667,67.37,95,89,11.65,overcast clouds
359,Chibombo,ZM,-14.6569,28.0706,64.26,96,100,4.7,overcast clouds
360,Sulangan,PH,11.1373,123.7228,79.93,85,37,11.7,scattered clouds
361,Warrnambool,AU,-38.3833,142.4833,70.81,92,61,7.38,broken clouds
362,Tommot,RU,58.9564,126.2925,-2.15,96,100,9.98,light snow
363,Luderitz,NA,-26.6481,15.1594,79.97,51,1,27.2,clear sky
364,San Policarpo,PH,12.1791,125.5072,78.89,89,89,12.12,overcast clouds
365,Coromandel,BR,-18.4733,-47.2003,76.89,68,99,6.31,light rain
366,Qasigiannguit,GL,68.8193,-51.1922,17.85,91,85,16.08,light snow
367,Pangnirtung,CA,66.1451,-65.7125,-15.65,98,100,3.58,overcast clouds
368,Charters Towers,AU,-20.1,146.2667,72.91,95,100,7.85,overcast clouds
369,Aldan,RU,58.6031,125.3894,-10.64,98,100,5.53,overcast clouds
370,Los Llanos De Aridane,ES,28.6585,-17.9182,62.35,69,40,5.01,scattered clouds
371,Kulachi,PK,31.9286,70.4592,54.9,33,0,2.75,clear sky
372,Micomeseng,GQ,2.1462,10.6164,78.21,73,87,7.63,overcast clouds
373,Statesboro,US,32.4488,-81.7832,61.92,58,0,8.05,clear sky
374,Leningradskiy,RU,69.3833,178.4167,-27.6,89,66,3.06,broken clouds
375,Petauke,ZM,-14.2426,31.3253,66.96,94,97,3.42,moderate rain
376,Rancho Palos Verdes,US,33.7445,-118.387,64.98,68,98,1.99,overcast clouds
377,Pimentel,PE,-6.8367,-79.9342,73.69,78,20,5.75,few clouds
378,Prince Rupert,CA,54.3161,-130.3201,33.46,84,100,5.73,overcast clouds
379,Pisco,PE,-13.7,-76.2167,74.01,68,0,8.05,clear sky
380,Ayagoz,KZ,47.9714,80.4392,10.24,96,100,8.79,overcast clouds
381,Balyaga,RU,51.1507,108.921,-16.11,100,83,0.96,broken clouds
382,Olafsvik,IS,64.8945,-23.7142,35.91,56,100,10.65,overcast clouds
383,Tambura,SS,5.6,27.4667,83.41,21,100,5.14,overcast clouds
384,La Ronge,CA,55.1001,-105.2842,21.42,86,100,16.11,overcast clouds
385,Srednekolymsk,RU,67.45,153.6833,-44.0,100,61,4.14,broken clouds
386,Soe,ID,-9.8607,124.284,67.39,88,92,3.78,overcast clouds
387,Batemans Bay,AU,-35.7167,150.1833,64.2,92,1,4.7,clear sky
388,Visby,SE,57.6409,18.296,39.42,87,75,13.8,broken clouds
389,Portobelo,PA,9.55,-79.65,89.85,68,89,9.24,overcast clouds
390,Balkhash,KZ,46.844,74.9804,4.3,85,95,2.15,overcast clouds
391,Teguldet,RU,57.3064,88.1667,4.06,99,97,2.15,overcast clouds
392,Sigli,ID,5.3848,95.9609,80.24,81,88,3.15,overcast clouds
393,Bayeux,BR,-7.125,-34.9322,88.43,62,75,13.8,broken clouds
394,Caravelas,BR,-17.7125,-39.2481,81.21,67,100,6.64,overcast clouds
395,Chany,RU,55.3121,76.7647,-13.27,100,61,1.63,broken clouds
396,Norman Wells,CA,65.282,-126.8329,11.53,85,70,10.92,broken clouds
397,Aykhal,RU,66.0,111.5,-6.75,84,95,5.5,overcast clouds
398,Tura,IN,25.5198,90.2201,57.63,71,78,2.06,broken clouds
399,Mantua,IT,45.1667,10.7833,42.69,90,0,1.99,clear sky
400,Sioux Lookout,CA,50.1001,-91.917,3.58,80,100,16.2,overcast clouds
401,Puerto El Triunfo,SV,13.2833,-88.55,89.76,54,40,8.68,scattered clouds
402,Ust-Omchug,RU,61.15,149.6333,-31.52,99,93,4.34,overcast clouds
403,Chumphon,TH,10.3333,98.8333,68.81,97,7,2.19,clear sky
404,Hare Bay,CA,48.8499,-54.0148,34.2,89,100,8.01,overcast clouds
405,Port Hedland,AU,-20.3167,118.5667,80.65,74,20,10.36,few clouds
406,Rusape,ZW,-18.5278,32.1284,62.42,94,100,4.5,overcast clouds
407,Muyezerskiy,RU,63.9333,31.65,19.65,95,100,7.92,overcast clouds
408,Goderich,CA,43.7501,-81.7165,17.91,87,94,1.36,light snow
409,Port Blair,IN,11.6667,92.75,78.84,78,40,4.61,mist
410,Yashkul,RU,46.1711,45.3435,29.59,88,100,8.5,overcast clouds
411,Corn Island,NI,12.1694,-83.0418,80.13,65,100,14.07,overcast clouds
412,San Jose,US,37.3394,-121.895,54.21,78,100,0.0,fog
413,Porosozero,RU,62.7191,32.727,20.91,95,100,8.12,light snow
414,Sladkovo,RU,55.5284,70.3385,-6.3,100,95,4.59,overcast clouds
415,Talnakh,RU,69.4865,88.3972,-2.42,95,100,16.53,light snow
416,Poum,NC,-20.2333,164.0167,79.7,77,99,9.15,overcast clouds
417,Grand Gaube,MU,-20.0064,57.6608,74.37,63,4,3.0,clear sky
418,Maningrida,AU,-12.0667,134.2667,79.74,83,100,7.92,overcast clouds
419,Laguna,US,38.421,-121.4238,55.22,87,0,1.01,clear sky
420,Kemijarvi,FI,66.7131,27.4306,12.9,99,100,3.47,overcast clouds
421,Letychiv,UA,49.3826,27.6305,26.56,95,100,3.91,overcast clouds
422,Sao Joao Da Barra,BR,-21.6403,-41.0511,86.09,78,30,19.51,scattered clouds
423,Sambava,MG,-14.2667,50.1667,77.7,81,88,12.88,overcast clouds
424,Eyl,SO,7.9803,49.8164,74.26,62,9,21.36,clear sky
425,Kailua,US,21.4022,-157.7394,73.38,77,0,4.61,clear sky
426,Aden,YE,12.7794,45.0367,76.71,65,2,10.8,clear sky
427,Vardo,NO,70.3705,31.1107,20.95,79,0,26.46,clear sky
428,Ekibastuz,KZ,51.6667,75.3667,6.26,95,90,8.39,overcast clouds
429,Gazli,UZ,40.1333,63.45,38.97,58,5,11.07,clear sky
430,Belgrade,RS,44.804,20.4651,33.24,90,75,1.99,broken clouds
431,Sur,OM,22.5667,59.5289,69.33,47,7,2.42,clear sky
432,Namatanai,PG,-3.6667,152.4333,80.35,82,98,5.39,light rain
433,Carballo,ES,43.213,-8.691,56.62,82,0,4.23,clear sky
434,Amalapuram,IN,16.5833,82.0167,72.03,82,69,2.44,broken clouds
435,Alofi,NU,-19.0595,-169.9187,81.39,76,5,13.85,moderate rain
436,Tenenkou,ML,14.4572,-4.9169,87.26,6,88,9.13,overcast clouds
437,Maturin,VE,9.75,-63.1767,88.68,41,26,10.92,scattered clouds
438,Matay,EG,28.419,30.7792,48.78,48,27,7.54,scattered clouds
439,Tursunzoda,TJ,38.5144,68.2333,36.48,38,0,6.64,clear sky
440,Tamworth,GB,52.634,-1.6959,46.42,80,28,5.99,scattered clouds
441,Sarny,UA,51.338,26.6019,27.97,93,99,3.06,overcast clouds
442,Lata,PT,40.1629,-8.3327,58.93,58,8,5.03,clear sky
443,Egvekinot,RU,66.3167,-179.1667,-27.35,87,27,2.95,scattered clouds
444,Yakeshi,CN,49.2833,120.7333,-16.38,100,100,1.83,overcast clouds
445,Shirdi,IN,19.7667,74.4833,62.17,37,0,8.3,clear sky
446,Cartagena,CO,10.3997,-75.5144,86.14,62,69,11.23,broken clouds
447,Gizo,SB,-8.103,156.8419,81.48,77,100,5.93,moderate rain
448,Port-Cartier,CA,50.0334,-66.8654,-1.25,72,4,11.56,clear sky
449,Shubarkuduk,KZ,49.1447,56.4872,27.27,96,100,9.04,overcast clouds
450,Rosario,AR,-32.9468,-60.6393,88.83,56,75,5.01,broken clouds
451,Port Shepstone,ZA,-30.7414,30.455,77.74,81,51,10.51,light rain
452,San Rafael,AR,-34.6177,-68.3301,85.91,38,2,17.76,clear sky
453,Andijon,UZ,40.7821,72.3442,33.66,38,0,5.08,clear sky
454,Kalanguy,RU,51.0167,116.5167,-14.49,100,66,3.69,broken clouds
455,Tessalit,ML,20.1986,1.0114,74.26,11,97,13.51,overcast clouds
456,Sao Miguel Do Araguaia,BR,-13.275,-50.1628,83.17,68,93,6.15,overcast clouds
457,Launceston,AU,-41.45,147.1667,64.8,84,93,5.75,overcast clouds
458,Zemio,CF,5.0314,25.1361,83.21,21,98,3.38,overcast clouds
459,Manjeshwar,IN,12.7194,74.8861,76.15,81,83,5.08,broken clouds
460,Ponoka,CA,52.6768,-113.5815,32.13,77,70,17.67,broken clouds
461,Leua,SK,48.2156,18.6071,37.49,87,17,6.11,few clouds
462,Qui Nhon,VN,13.7667,109.2333,71.1,91,26,6.58,scattered clouds
463,Fallon,US,39.4735,-118.7774,32.92,69,0,0.0,clear sky
464,Labuhan,ID,-6.8844,112.2051,78.64,87,93,12.5,overcast clouds
465,Espoo,FI,60.25,24.6667,34.75,96,100,1.01,overcast clouds
466,Foix,FR,42.8333,1.5833,43.34,12,29,3.83,scattered clouds
467,Leh,IN,34.1667,77.5833,-5.55,83,87,2.91,overcast clouds
468,Nemuro,JP,43.3236,145.575,27.63,91,100,7.58,overcast clouds
469,Hasaki,JP,35.7333,140.8333,30.6,67,56,2.68,broken clouds
470,Najran,SA,17.4924,44.1277,63.84,20,1,4.07,clear sky
471,Tateyama,JP,34.9833,139.8667,40.01,79,46,8.75,scattered clouds
472,Payo,ID,-3.7508,103.6372,73.42,97,100,2.17,overcast clouds
473,Vitim,RU,59.4511,112.5578,-5.75,100,99,3.62,overcast clouds
474,Nome,US,64.5011,-165.4064,-19.84,80,4,5.21,clear sky
475,San Andres,CO,12.5847,-81.7006,86.02,58,75,11.5,broken clouds
476,Contamana,PE,-7.3333,-75.0167,85.75,56,98,4.83,overcast clouds
477,Zhuanghe,CN,39.7008,122.9911,19.76,45,25,5.77,scattered clouds
478,Mount Isa,AU,-20.7333,139.5,76.77,100,100,9.22,light rain
479,Anadyr,RU,64.75,177.4833,-25.29,92,82,2.57,broken clouds
480,Develi,TR,38.3906,35.4922,16.95,95,100,1.54,light snow
481,Arrifes,PT,37.7667,-25.7,61.23,67,40,16.11,scattered clouds
482,Williams Lake,CA,52.1415,-122.1445,5.22,92,84,1.39,broken clouds
483,Staryy Nadym,RU,65.6118,72.6842,4.14,95,91,10.51,overcast clouds
484,Dodge City,US,37.7528,-100.0171,24.26,81,20,8.99,few clouds
485,Cayenne,GF,4.9333,-52.3333,78.84,89,75,9.22,broken clouds
486,Omboue,GA,-1.5746,9.2618,78.53,84,98,5.73,overcast clouds
487,Hamilton,US,39.1834,-84.5333,20.59,60,0,1.99,clear sky
488,Lumeje,AO,-11.55,20.7833,69.37,87,100,3.06,moderate rain
489,Alta Gracia,AR,-31.6529,-64.4283,84.54,73,90,6.24,overcast clouds
490,Mahibadhoo,MV,3.7833,72.9667,81.21,63,81,13.65,broken clouds
491,Saint-Pierre,RE,-21.3393,55.4781,74.88,78,100,5.75,overcast clouds
492,Kununurra,AU,-15.7667,128.7333,78.78,83,92,5.75,overcast clouds
493,Uturoa,PF,-16.7333,-151.4333,80.51,78,79,17.83,light rain
494,Baiquan,CN,47.5833,126.0833,-12.6,100,98,4.56,overcast clouds
495,Biak,ID,-0.9131,122.8766,76.68,86,95,0.87,overcast clouds
496,Auki,SB,-8.7676,160.7034,75.04,95,100,4.05,heavy intensity rain
497,Mombetsu,JP,44.3525,143.3525,20.86,97,100,4.76,light snow
498,Bonavista,CA,48.6499,-53.1147,37.11,98,100,12.62,overcast clouds
499,Shelburne,CA,44.0787,-80.2041,11.57,91,99,4.54,overcast clouds
500,Gorele,TR,41.0308,39.0031,38.64,90,100,8.97,light rain
501,El Dorado,US,38.7666,-120.5177,52.43,35,2,1.99,clear sky
502,Rocha,UY,-34.4833,-54.3333,77.79,82,96,8.21,light rain
503,Pithoragarh,IN,29.5833,80.2167,35.37,93,47,0.58,scattered clouds
504,Karratha,AU,-20.7377,116.8463,81.75,65,0,13.94,clear sky
505,Saint-Andre-Les-Vergers,FR,48.2853,4.0521,31.08,100,100,0.0,overcast clouds
506,Mossendjo,CG,-2.9506,12.7261,72.95,92,81,2.53,moderate rain
507,Halifax,CA,44.6453,-63.5724,32.0,61,92,5.01,overcast clouds
508,Teya,RU,60.3778,92.6267,-19.59,100,45,1.81,scattered clouds
509,Byron Bay,AU,-28.65,153.6167,71.87,78,92,7.63,overcast clouds
510,Loubomo,CG,-4.1997,12.6739,77.2,84,75,1.39,light rain
511,Starkville,US,33.4504,-88.8184,38.79,45,14,10.27,few clouds
512,Verkhoyansk,RU,67.5447,133.385,-14.12,98,100,2.95,overcast clouds
513,Yumen,CN,40.2833,97.2,19.54,45,48,4.94,scattered clouds
514,Hagersville,CA,42.9668,-80.0497,17.71,83,52,6.31,broken clouds
515,Pangkalanbuun,ID,-2.6833,111.6167,75.94,93,100,3.49,overcast clouds
516,Suez,EG,29.9737,32.5263,47.57,67,53,17.25,broken clouds
517,Beidao,CN,34.5686,105.8933,30.96,93,100,0.85,light snow
518,Niles,US,42.0189,-87.8028,7.95,55,0,5.01,clear sky
519,Anshun,CN,26.25,105.9333,46.44,96,79,7.83,broken clouds
520,Grand-Santi,GF,4.25,-54.3833,80.2,81,88,3.83,overcast clouds
521,Harlev,DK,55.3494,12.2338,43.88,87,89,19.22,overcast clouds
522,Harnosand,SE,62.6323,17.9379,35.01,73,64,11.23,broken clouds
523,Oyama,JP,36.3,139.8,44.58,76,16,1.12,few clouds
524,Maragogi,BR,-9.0122,-35.2225,84.22,65,33,9.71,moderate rain
525,Galeana,MX,24.8333,-100.0667,51.31,67,37,1.63,scattered clouds
526,Lake City,US,30.1897,-82.6393,57.65,62,100,8.05,overcast clouds
527,Luxor,EG,25.6989,32.6421,53.74,42,4,18.34,clear sky
528,Ostersund,SE,63.1792,14.6357,32.61,80,0,10.36,clear sky
529,Camana,PE,-16.6228,-72.7111,74.66,73,96,9.1,overcast clouds
530,Borujerd,IR,33.8973,48.7516,35.13,97,85,4.25,overcast clouds
531,Northam,GB,51.0333,-4.2167,46.72,90,31,9.93,scattered clouds
532,Gunib,RU,42.3876,46.9651,26.98,79,25,2.35,scattered clouds
533,Boa Vista,BR,2.8197,-60.6733,91.38,40,75,11.5,broken clouds
534,Sisophon,KH,13.5859,102.9737,77.11,60,26,4.0,scattered clouds
535,Walvis Bay,NA,-22.9575,14.5053,68.09,76,53,8.48,broken clouds
536,Rabak,SD,13.1809,32.74,80.35,20,62,13.8,broken clouds
537,Arman,RU,59.7,150.1667,-3.6,83,100,9.4,overcast clouds
538,Mazatlan,MX,23.2167,-106.4167,73.36,70,20,1.01,few clouds
539,Bereda,ES,43.2686,-7.5406,51.55,83,0,4.23,clear sky
540,Tanggu,CN,39.0211,117.6469,22.96,51,100,2.84,overcast clouds
541,Yongan,CN,39.6957,113.6871,16.07,57,77,1.52,broken clouds
542,Diu,IN,20.7141,70.9822,64.85,35,0,10.13,clear sky
543,Schwyz,CH,47.0279,8.6561,33.22,86,13,6.35,few clouds
544,Alamosa,US,37.4695,-105.87,29.66,100,100,0.0,fog
545,Atar,MR,20.5169,-13.0499,83.57,16,0,8.9,clear sky
546,Banda Aceh,ID,5.5577,95.3222,79.05,81,71,6.51,broken clouds
547,Askino,RU,56.0901,56.5783,5.5,95,94,2.57,overcast clouds
548,Arlit,NE,18.7369,7.3853,71.82,13,59,13.56,broken clouds
549,Novouzensk,RU,50.4592,48.1431,13.05,97,93,6.73,overcast clouds
550,Kayerkan,RU,69.3497,87.7602,0.52,91,100,22.03,overcast clouds
551,Coxim,BR,-18.5067,-54.76,92.91,45,24,6.71,few clouds
552,Whitehaven,GB,54.549,-3.5841,46.85,92,92,13.0,overcast clouds
553,Vao,NC,-22.6667,167.4833,77.23,83,92,12.71,overcast clouds
554,Nuristan,AF,35.3,70.8333,-1.61,58,1,14.9,clear sky
555,Baoshan,CN,46.5586,131.4244,3.94,95,99,5.28,overcast clouds
556,Baragua,CU,21.6967,-78.6328,86.2,40,0,2.24,clear sky
557,La Perla,MX,18.9333,-97.1333,60.78,76,55,4.68,broken clouds
558,Saint Anthony,US,45.0205,-93.218,9.79,63,20,5.99,few clouds
559,Vila Velha,BR,-20.3297,-40.2925,85.95,60,20,5.99,few clouds
560,Manicore,BR,-5.8092,-61.3003,73.13,100,100,1.9,heavy intensity rain
561,San Vicente,AR,-26.6167,-54.1333,97.25,29,60,4.9,light rain
562,Tual,ID,-5.6667,132.75,83.37,78,96,6.51,overcast clouds
563,Wittmund,DE,53.5667,7.7833,41.07,92,75,14.97,light intensity drizzle
564,Khonsa,IN,27.0167,95.5667,50.22,95,95,2.84,overcast clouds
565,Redmond,US,47.674,-122.1215,39.97,89,2,3.0,clear sky
566,Hobyo,SO,5.3505,48.5268,77.54,63,43,19.13,scattered clouds
567,Howard,US,39.2504,-76.933,32.79,48,4,1.01,clear sky
568,Athabasca,CA,54.7169,-113.2854,30.67,87,100,14.43,overcast clouds
569,Ayan,RU,56.45,138.1667,-0.51,67,94,11.3,overcast clouds
570,Hofn,IS,64.2539,-15.2082,29.3,84,100,8.7,overcast clouds
571,Dondo,MZ,-19.6094,34.7431,81.91,96,99,9.06,light rain
572,Elko,US,41.0002,-115.5012,20.05,81,20,4.0,few clouds
573,Goundam,ML,16.4145,-3.6708,84.49,7,56,9.93,broken clouds
574,Port Pirie,AU,-33.1833,138.0167,78.94,63,75,2.71,broken clouds
575,Anchorage,US,61.2181,-149.9003,23.63,86,0,4.61,clear sky
576,Nizhniy Odes,RU,63.6445,54.856,14.54,95,100,6.2,light snow
577,Guiratinga,BR,-16.3494,-53.7583,88.79,50,95,2.89,overcast clouds
578,Potosi,BO,-19.5836,-65.7531,55.04,55,71,6.67,broken clouds
579,Piacabucu,BR,-10.4056,-36.4344,85.87,61,56,12.64,broken clouds
580,Nabire,ID,-3.3667,135.4833,76.05,89,100,3.83,overcast clouds
581,Olinda,BR,-8.0089,-34.8553,85.73,66,75,12.66,broken clouds
582,Paamiut,GL,61.994,-49.6678,18.19,74,100,8.63,light snow
583,Vestmanna,FO,62.1564,-7.1664,38.32,87,100,8.05,overcast clouds
584,Egypt Lake-Leto,US,28.0177,-82.5062,59.32,96,100,1.01,mist
585,Peace River,CA,56.2501,-117.286,29.57,87,100,6.29,overcast clouds
586,Sitka,US,57.0531,-135.33,35.49,87,40,3.44,scattered clouds
587,Vangaindrano,MG,-23.35,47.6,72.93,80,54,4.85,broken clouds
588,Flin Flon,CA,54.7682,-101.865,14.61,89,100,14.67,overcast clouds
589,Kharan,PK,28.5833,65.4167,49.91,31,0,5.91,clear sky
590,Sorland,NO,67.667,12.6934,37.26,85,88,18.14,overcast clouds
591,Heishan,CN,41.6892,122.1128,15.84,50,0,6.96,clear sky
592,Malakal,SS,9.5334,31.6605,85.64,20,40,8.1,scattered clouds
593,Henties Bay,NA,-22.116,14.2845,67.86,80,81,7.2,broken clouds
594,Dauphin,CA,51.1494,-100.0502,34.52,95,83,17.49,light snow
595,Kiama,AU,-34.6833,150.8667,70.57,80,50,5.99,scattered clouds
596,Baoning,CN,25.3378,110.026,49.48,96,100,2.35,overcast clouds
597,Henderson,US,36.0397,-114.9819,50.38,32,0,8.05,clear sky
598,Zehdenick,DE,52.9785,13.3317,37.26,82,100,15.86,overcast clouds
599,Arona,ES,28.0996,-16.681,61.11,84,75,3.44,broken clouds
600,Terney,RU,45.0503,136.6092,13.77,78,72,11.52,broken clouds
601,Dzaoudzi,YT,-12.7887,45.2699,80.49,74,0,11.5,clear sky
602,Clarksburg,US,39.2807,-80.3445,23.11,63,40,8.05,scattered clouds
603,Lumut,MY,4.2323,100.6298,79.03,82,100,1.86,overcast clouds
604,Sanandaj,IR,35.3144,46.9923,32.92,99,92,1.28,snow
605,Severo-Yeniseyskiy,RU,60.3725,93.0408,-20.74,100,35,3.18,scattered clouds
606,Abu Road,IN,24.4833,72.7833,55.72,35,0,6.44,clear sky
607,Mezen,RU,65.8522,44.24,-0.47,99,75,5.14,broken clouds
608,Vila,PT,42.0304,-8.1588,50.88,54,2,3.94,clear sky
609,Uray,RU,60.1247,64.7758,4.75,96,94,6.04,overcast clouds
610,Gazanjyk,TM,39.2446,55.5154,44.58,47,0,12.68,clear sky
611,Katsuura,JP,35.1333,140.3,40.1,80,72,9.04,broken clouds
612,Jalu,LY,29.0331,21.5482,53.28,49,47,9.8,scattered clouds
613,Kang,BW,-23.6752,22.7876,82.04,36,45,10.56,scattered clouds
614,Boyuibe,BO,-20.4167,-63.2833,97.56,26,56,9.46,broken clouds
615,Abalak,RU,58.1286,68.5944,1.13,98,83,4.45,broken clouds
616,Mizan Teferi,ET,6.9833,35.5833,73.38,39,59,0.34,broken clouds
617,Brae,GB,60.3964,-1.353,46.31,92,100,35.95,overcast clouds
618,San Juan Del Sur,NI,11.2529,-85.8705,80.87,63,72,19.06,broken clouds
619,Los Alamos,US,35.8881,-106.307,30.15,76,100,1.01,light snow
620,Nowy Targ,PL,49.4778,20.0323,33.24,92,100,3.56,light snow
621,Bell Ville,AR,-32.6259,-62.6887,83.8,53,52,12.59,broken clouds
622,Porto Murtinho,BR,-21.6989,-57.8825,105.94,23,59,7.38,broken clouds
623,Ziyang,CN,29.2497,117.8547,46.8,97,100,2.08,overcast clouds
624,Pemangkat,ID,1.1667,108.9667,77.59,86,100,9.01,overcast clouds
625,Ponta Delgada,PT,37.7333,-25.6667,63.5,67,40,16.11,scattered clouds
626,Erdenet,MN,49.0333,104.0833,-8.9,97,6,3.47,clear sky
627,Santo Domingo,DO,18.5001,-69.9886,87.44,61,40,4.0,scattered clouds
628,Coquimbo,CL,-29.9533,-71.3436,67.73,68,20,11.5,few clouds
629,Verkhnevilyuysk,RU,63.4453,120.3167,-3.26,97,100,5.97,overcast clouds
630,Ivaipora,BR,-24.2478,-51.6847,96.76,29,41,7.07,scattered clouds
631,Muzaffargarh,PK,30.0754,71.1921,55.42,26,0,4.92,clear sky
632,Tibacuy,CO,4.3511,-72.4564,94.35,33,100,11.97,overcast clouds
633,Nova Olinda Do Norte,BR,-3.8881,-59.0942,78.15,93,99,1.83,heavy intensity rain
634,Kharp,RU,66.8014,65.8081,3.42,97,77,5.79,broken clouds
635,Emerald,AU,-23.5333,148.1667,76.33,72,92,11.07,overcast clouds
636,Matara,LK,5.9485,80.5353,73.92,83,83,4.23,broken clouds
637,Taloda,IN,21.5667,74.2167,64.06,33,3,5.64,clear sky
638,Tocopilla,CL,-22.092,-70.1979,72.36,70,9,7.67,clear sky
639,Sozimskiy,RU,59.7418,52.2482,11.01,96,99,4.61,overcast clouds
640,Naryan-Mar,RU,67.6713,53.087,6.55,95,42,13.98,scattered clouds
641,Buchanan,LR,5.8808,-10.0467,89.56,67,5,12.91,clear sky
642,Pontes E Lacerda,BR,-15.2261,-59.3353,92.35,46,86,4.25,overcast clouds
643,Sakakah,SA,29.9697,40.2064,49.96,43,8,3.4,clear sky
644,Huambo,AO,-12.7761,15.7392,65.89,79,100,3.62,moderate rain
645,Xacmaz,AZ,41.4635,48.806,38.17,87,100,6.08,overcast clouds
646,San Quintin,MX,30.4833,-115.95,59.52,62,100,1.97,overcast clouds
647,Ciudad Bolivar,VE,8.1222,-63.5497,92.08,32,82,8.93,broken clouds
648,Chutove,UA,49.7104,35.1603,13.95,98,96,3.74,overcast clouds
649,Novyye Gorki,RU,56.7253,41.0601,3.6,99,91,1.68,overcast clouds
650,Ixtapa,MX,20.7,-105.2,74.43,64,40,2.3,scattered clouds
651,Dali,CN,25.7,100.1833,42.62,88,42,4.72,scattered clouds
652,Kalawit,PH,8.0667,122.5167,77.77,88,83,7.7,broken clouds
653,Yatou,CN,37.15,122.3833,30.25,58,94,10.54,overcast clouds
654,Sars,RU,56.5502,57.1366,7.23,96,99,3.94,overcast clouds
655,Svetogorsk,RU,61.1121,28.8632,28.38,94,100,1.99,overcast clouds
656,Goodlettsville,US,36.3231,-86.7133,31.48,41,36,6.87,scattered clouds
657,Narowal,PK,32.1,74.8833,51.78,67,0,2.8,clear sky
658,Khandyga,RU,62.6667,135.6,-42.97,100,72,1.97,broken clouds
659,Inta,RU,66.0317,60.1659,12.96,85,96,16.67,overcast clouds
660,Kulhudhuffushi,MV,6.6221,73.07,79.93,56,90,6.55,overcast clouds
661,Pinega,RU,64.7001,43.3936,-0.35,99,31,3.96,scattered clouds
662,Foz,ES,43.5692,-7.2544,54.93,91,1,4.43,clear sky
663,Antofagasta,CL,-23.65,-70.4,70.21,59,2,8.97,clear sky
664,Ust-Maya,RU,60.4167,134.5333,-17.32,99,100,2.15,overcast clouds
665,Ferrol,ES,43.4832,-8.2369,57.45,75,0,11.7,clear sky
666,Kintampo,GH,8.0563,-1.7306,93.85,9,1,4.23,clear sky
667,Soure,BR,-0.7167,-48.5233,82.45,74,99,9.37,overcast clouds
668,Carauari,BR,-4.8828,-66.8958,80.55,75,100,1.54,overcast clouds
669,Flinders,AU,-34.5833,150.8552,70.38,75,43,5.01,scattered clouds
670,Dongying,CN,37.4564,118.4856,30.06,64,99,4.7,overcast clouds
671,Black Diamond,US,47.3087,-122.0032,37.33,88,0,2.73,clear sky
672,Spoleto,IT,42.7448,12.7374,46.81,84,64,2.95,broken clouds
673,Vetluzhskiy,RU,58.3902,45.4654,8.74,98,97,2.24,overcast clouds
674,Kysyl-Syr,RU,63.8986,122.7617,-3.14,98,100,4.88,overcast clouds
675,Konza,KE,-1.7426,37.1294,71.24,67,6,8.63,clear sky
676,Bodden Town,KY,19.2833,-81.25,84.2,65,20,8.05,few clouds
677,Atasu,KZ,48.6814,71.6433,-2.4,99,48,2.68,scattered clouds
678,Kinsale,IE,51.7075,-8.5306,48.24,93,75,12.66,broken clouds
679,Gopamau,IN,27.55,80.2833,51.24,69,0,3.4,clear sky
680,Mosquera,CO,4.7059,-74.2302,69.89,43,75,3.44,broken clouds
